﻿{
  "swagger": "2.0",
  "info": {
    "version": "1.0",
    "title": "statement 1.0",
    "description": "",
    "contact": {
      "name": "Microservices Wiki",
      "url": "http://awowttfap01v01:8080/tfs/WebAndMobile/Microservices/_wiki?pagePath=%2FMicroservices"
    }
  },
  "basePath": "/",
  "paths": {
    "/{version}/account/{contractAccountId}/statement/history": {
      "get": {
        "tags": [ "ContractAccount" ],
        "operationId": "GetStatementHistory",
        "consumes": [],
        "produces": [ "application/json" ],
        "parameters": [
          {
            "name": "contractAccountId",
            "in": "path",
            "required": true,
            "type": "integer",
            "format": "int64"
          },
          {
            "name": "startDate",
            "in": "query",
            "required": false,
            "type": "string",
            "format": "date-time"
          },
          {
            "name": "monthsBack",
            "in": "query",
            "required": false,
            "type": "integer",
            "format": "int32"
          },
          {
            "name": "version",
            "in": "path",
            "description": "The requested API version",
            "required": true,
            "type": "string",
            "default": "1.0"
          },
          {
            "name": "Authorization",
            "in": "header",
            "description": "bearer token",
            "required": false,
            "type": "string"
          }
        ],
        "responses": {
          "409": { "description": "Conflict" },
          "403": { "description": "Forbidden" },
          "500": { "description": "Server Error" },
          "400": { "description": "Bad Request" },
          "404": { "description": "Not Found" },
          "401": { "description": "Unauthorized" },
          "503": { "description": "Server Error" },
          "200": {
            "description": "Success",
            "schema": { "$ref": "#/definitions/GetStatementsResponse" }
          }
        }
      }
    }
  },
  "definitions": {
    "GetStatementsResponse": {
      "type": "object",
      "properties": {
        "history": {
          "type": "array",
          "items": { "$ref": "#/definitions/StatementModel" }
        }
      }
    },
    "StatementModel": {
      "type": "object",
      "properties": {
        "statementAmount": {
          "format": "double",
          "type": "number"
        },
        "statementDocumentId": {
          "format": "int64",
          "type": "integer"
        },
        "insertDocumentId": {
          "format": "int64",
          "type": "integer"
        },
        "dueDate": {
          "format": "date-time",
          "type": "string"
        },
        "sentDate": {
          "format": "date-time",
          "type": "string"
        },
        "type": {
          "type": "string"
        }
      }
    }
  },
  "securityDefinitions": {

  }
}
