{
  "swagger": "2.0",
  "info": {
    "version": "1.0",
    "title": "PSE.AccountHistory 1.0",
    "description": ""
  },
  "basePath": "/",
  "paths": {
    "/budget-bill/v{version}/{contractAccountId}/history": {
      "get": {
        "tags": [ "BudgetBill" ],
        "operationId": "Budget-billV{versionByContractAccountIdHistoryGet",
        "consumes": [],
        "produces": [ "application/json" ],
        "parameters": [
          {
            "name": "contractAccountId",
            "in": "path",
            "required": true,
            "type": "integer",
            "format": "int64"
          },
          {
            "name": "startDate",
            "in": "query",
            "required": false,
            "type": "string",
            "format": "date-time"
          },
          {
            "name": "monthsBack",
            "in": "query",
            "required": false,
            "type": "integer",
            "format": "int32"
          },
          {
            "name": "version",
            "in": "path",
            "description": "The requested API version",
            "required": true,
            "type": "string",
            "default": "1.0"
          }
        ],
        "responses": {
          "200": {
            "description": "Success",
            "schema": { "$ref": "#/definitions/GetBudgetBillHistoryResponse" }
          },
          "500": { "description": "Server Error" }
        }
      }
    },
    "/communication/v{version}/business-partner/{businessPartnerId}/history": {
      "get": {
        "tags": [ "Communication" ],
        "operationId": "CommunicationV{versionBusiness-partnerByBusinessPartnerIdHistoryGet",
        "consumes": [],
        "produces": [ "application/json" ],
        "parameters": [
          {
            "name": "businessPartnerId",
            "in": "path",
            "required": true,
            "type": "integer",
            "format": "int64"
          },
          {
            "name": "startDate",
            "in": "query",
            "required": false,
            "type": "string",
            "format": "date-time"
          },
          {
            "name": "monthsBack",
            "in": "query",
            "required": false,
            "type": "integer",
            "format": "int32"
          },
          {
            "name": "version",
            "in": "path",
            "description": "The requested API version",
            "required": true,
            "type": "string",
            "default": "1.0"
          }
        ],
        "responses": {
          "200": {
            "description": "Success",
            "schema": { "$ref": "#/definitions/GetCommunicationHistoryBusinessPartnerResponse" }
          },
          "500": { "description": "Server Error" }
        }
      }
    },
    "/communication/v{version}/{contractAccountId}/history": {
      "get": {
        "tags": [ "Communication" ],
        "operationId": "CommunicationV{versionByContractAccountIdHistoryGet",
        "consumes": [],
        "produces": [ "application/json" ],
        "parameters": [
          {
            "name": "contractAccountId",
            "in": "path",
            "required": true,
            "type": "integer",
            "format": "int64"
          },
          {
            "name": "startDate",
            "in": "query",
            "required": false,
            "type": "string",
            "format": "date-time"
          },
          {
            "name": "monthsBack",
            "in": "query",
            "required": false,
            "type": "integer",
            "format": "int32"
          },
          {
            "name": "version",
            "in": "path",
            "description": "The requested API version",
            "required": true,
            "type": "string",
            "default": "1.0"
          }
        ],
        "responses": {
          "500": { "description": "Server Error" },
          "200": {
            "description": "Success",
            "schema": { "$ref": "#/definitions/GetCommunicationHistoryResponse" }
          }
        }
      }
    },
    "/deferral/v{version}/{contractAccountId}/history": {
      "get": {
        "tags": [ "Deferral" ],
        "operationId": "DeferralV{versionByContractAccountIdHistoryGet",
        "consumes": [],
        "produces": [ "application/json" ],
        "parameters": [
          {
            "name": "contractAccountId",
            "in": "path",
            "required": true,
            "type": "integer",
            "format": "int64"
          },
          {
            "name": "startDate",
            "in": "query",
            "required": false,
            "type": "string",
            "format": "date-time"
          },
          {
            "name": "monthsBack",
            "in": "query",
            "required": false,
            "type": "integer",
            "format": "int32"
          },
          {
            "name": "version",
            "in": "path",
            "description": "The requested API version",
            "required": true,
            "type": "string",
            "default": "1.0"
          }
        ],
        "responses": {
          "200": {
            "description": "Success",
            "schema": { "$ref": "#/definitions/GetDeferralHistoryResponse" }
          },
          "500": { "description": "Server Error" }
        }
      }
    },
    "/payment/v{version}/{contractAccountId}/history": {
      "get": {
        "tags": [ "Payment" ],
        "operationId": "PaymentV{versionByContractAccountIdHistoryGet",
        "consumes": [],
        "produces": [ "application/json" ],
        "parameters": [
          {
            "name": "contractAccountId",
            "in": "path",
            "required": true,
            "type": "integer",
            "format": "int64"
          },
          {
            "name": "startDate",
            "in": "query",
            "required": false,
            "type": "string",
            "format": "date-time"
          },
          {
            "name": "monthsBack",
            "in": "query",
            "required": false,
            "type": "integer",
            "format": "int32"
          },
          {
            "name": "version",
            "in": "path",
            "description": "The requested API version",
            "required": true,
            "type": "string",
            "default": "1.0"
          }
        ],
        "responses": {
          "200": {
            "description": "Success",
            "schema": { "$ref": "#/definitions/GetPaymentHistoryResponse" }
          },
          "500": { "description": "Server Error" }
        }
      }
    },
    "/payment-arrangement/v{version}/{contractAccountId}/history": {
      "get": {
        "tags": [ "PaymentArrangement" ],
        "operationId": "Payment-arrangementV{versionByContractAccountIdHistoryGet",
        "consumes": [],
        "produces": [ "application/json" ],
        "parameters": [
          {
            "name": "contractAccountId",
            "in": "path",
            "required": true,
            "type": "integer",
            "format": "int64"
          },
          {
            "name": "startDate",
            "in": "query",
            "required": false,
            "type": "string",
            "format": "date-time"
          },
          {
            "name": "monthsBack",
            "in": "query",
            "required": false,
            "type": "integer",
            "format": "int32"
          },
          {
            "name": "version",
            "in": "path",
            "description": "The requested API version",
            "required": true,
            "type": "string",
            "default": "1.0"
          }
        ],
        "responses": {
          "200": {
            "description": "Success",
            "schema": { "$ref": "#/definitions/GetPaymentArrangmentHistoryResponse" }
          },
          "500": { "description": "Server Error" }
        }
      }
    },
    "/statement/v{version}/{contractAccountId}/history": {
      "get": {
        "tags": [ "Statement" ],
        "operationId": "StatementV{versionByContractAccountIdHistoryGet",
        "consumes": [],
        "produces": [ "application/json" ],
        "parameters": [
          {
            "name": "contractAccountId",
            "in": "path",
            "required": true,
            "type": "integer",
            "format": "int64"
          },
          {
            "name": "startDate",
            "in": "query",
            "required": false,
            "type": "string",
            "format": "date-time"
          },
          {
            "name": "monthsBack",
            "in": "query",
            "required": false,
            "type": "integer",
            "format": "int32"
          },
          {
            "name": "version",
            "in": "path",
            "description": "The requested API version",
            "required": true,
            "type": "string",
            "default": "1.0"
          }
        ],
        "responses": {
          "200": {
            "description": "Success",
            "schema": { "$ref": "#/definitions/GetStatementsResponse" }
          },
          "404": { "description": "Not Found" },
          "500": { "description": "Server Error" }
        }
      }
    }
  },
  "definitions": {
    "GetBudgetBillHistoryResponse": {
      "type": "object",
      "properties": {
        "history": {
          "type": "array",
          "items": { "$ref": "#/definitions/BudgetBillModel" }
        }
      }
    },
    "BudgetBillModel": {
      "type": "object",
      "properties": {
        "action": { "type": "string" },
        "date": {
          "format": "date-time",
          "type": "string"
        },
        "amount": {
          "format": "double",
          "type": "number"
        }
      }
    },
    "GetCommunicationHistoryBusinessPartnerResponse": {
      "type": "object",
      "properties": {
        "history": {
          "type": "array",
          "items": { "$ref": "#/definitions/CommunicationModel" }
        }
      }
    },
    "CommunicationModel": {
      "type": "object",
      "properties": {
        "type": { "type": "string" },
        "mailingAddress": { "$ref": "#/definitions/AddressModel" },
        "emailAddress": { "type": "string" },
        "documentId": { "type": "string" },
        "date": {
          "format": "date-time",
          "type": "string"
        }
      }
    },
    "AddressModel": {
      "type": "object",
      "properties": {
        "addressLine1": { "type": "string" },
        "addressLine2": { "type": "string" },
        "city": { "type": "string" },
        "stateCd": { "type": "string" },
        "zipCd": { "type": "string" }
      }
    },
    "GetCommunicationHistoryResponse": {
      "type": "object",
      "properties": {
        "history": {
          "type": "array",
          "items": { "$ref": "#/definitions/CommunicationModel" }
        }
      }
    },
    "GetDeferralHistoryResponse": {
      "type": "object",
      "properties": {
        "history": {
          "type": "array",
          "items": { "$ref": "#/definitions/DeferralModel" }
        }
      }
    },
    "DeferralModel": {
      "type": "object",
      "properties": {
        "action": { "type": "string" },
        "toDate": {
          "format": "date-time",
          "type": "string"
        },
        "amount": {
          "format": "double",
          "type": "number"
        },
        "date": {
          "format": "date-time",
          "type": "string"
        }
      }
    },
    "GetPaymentHistoryResponse": {
      "type": "object",
      "properties": {
        "history": {
          "type": "array",
          "items": { "$ref": "#/definitions/PaymentModel" }
        }
      }
    },
    "PaymentModel": {
      "type": "object",
      "properties": {
        "paymentMethod": { "type": "string" },
        "amount": {
          "format": "double",
          "type": "number"
        },
        "postingDate": {
          "format": "date-time",
          "type": "string"
        },
        "status": { "type": "string" },
        "pending": { "type": "boolean" }
      }
    },
    "GetPaymentArrangmentHistoryResponse": {
      "type": "object",
      "properties": {
        "history": {
          "type": "array",
          "items": { "$ref": "#/definitions/PaymentArrangementModel" }
        }
      }
    },
    "PaymentArrangementModel": {
      "type": "object",
      "properties": {
        "action": { "type": "string" },
        "unenrollmentReason": { "type": "string" },
        "date": {
          "format": "date-time",
          "type": "string"
        },
        "amount": {
          "format": "double",
          "type": "number"
        }
      }
    },
    "GetStatementsResponse": {
      "type": "object",
      "properties": {
        "hasAutopay": { "type": "boolean" },
        "history": {
          "type": "array",
          "items": { "$ref": "#/definitions/StatementModel" }
        }
      }
    },
    "StatementModel": {
      "type": "object",
      "properties": {
        "statementAmount": {
          "format": "double",
          "type": "number"
        },
        "billDocumentId": {
          "format": "int64",
          "type": "integer"
        },
        "insertDocumentId": {
          "format": "int64",
          "type": "integer"
        },
        "dueDate": {
          "format": "date-time",
          "type": "string"
        },
        "sentDate": {
          "format": "date-time",
          "type": "string"
        }
      }
    }
  },
  "securityDefinitions": {
    "Bearer": {
      "name": "Authorization",
      "in": "header",
      "type": "apiKey",
      "description": "JWT Authorization header using the Bearer scheme. Example: \"Authorization: Bearer {token}\""
    }
  }
}